1,John Doe,2023/123456
2,Jane Smith,2023/123457
3,Michael Johnson,2023/123458
4,Sarah Williams,2023/123459
5,David Brown,2023/123460
6,Emily Davis,2023/123461
7,Christopher Wilson,2023/123462
8,Ashley Miller,2023/123463
9,Matthew Anderson,2023/123464
10,Amanda Taylor,2023/123465
11,Daniel Thomas,2023/123466
12,Jessica Garcia,2023/123467
13,James Martinez,2023/123468
14,Lauren Rodriguez,2023/123469
15,Robert Lewis,2023/123470
16,Stephanie Walker,2023/123471
17,Kevin Hall,2023/123472
18,Nicole Young,2023/123473
19,Brian King,2023/123474
20,Megan Wright,2023/123475

